SELECT 1;
1
1
SELECT affected_rows;
rows
NULL
